{
    "EPC": 0.9932993978696463,
    "Novelty": 8.959856986564047
}