{
    "EPC": 0.9806295953184485,
    "Novelty": 9.290507674985335,
    "Diversity": 4180
}