{
    "EPC": 0.9677440127300899,
    "Novelty": 8.178134737921503,
    "Diversity": 2116
}