{
    "EPC": 0.9638725360662502,
    "Novelty": 4.8062363099750876,
    "Diversity": 17
}