{
    "EPC": 0.9995678477999871,
    "Novelty": 11.840652879159737,
    "Diversity": 17169
}