{
    "EPC": 0.9995660792408053,
    "Novelty": 11.850257616661898,
    "Diversity": 13486
}