{
    "EPC": 0.9595337180773313,
    "Novelty": 4.631752411591651,
    "Diversity": 13
}