{
    "EPC": 0.9790120096935169,
    "Novelty": 7.727470749000828,
    "Diversity": 3294
}