{
    "EPC": 0.9838790623580632,
    "Novelty": 8.418737275767139,
    "Diversity": 5355
}