{
    "EPC": 0.999606516033805,
    "Novelty": 12.118270965331757,
    "Diversity": 20558
}