{
    "EPC": 0.9996083179136656,
    "Novelty": 12.122317974091372,
    "Diversity": 29525
}