{
    "EPC": 0.9330850525782837,
    "Novelty": 3.9659916831738578,
    "Diversity": 10
}