{
    "EPC": 0.9554624848241252,
    "Novelty": 4.783211457593037,
    "Diversity": 18
}