{
    "EPC": 0.8843763483117855,
    "Novelty": 3.1741409416878,
    "Diversity": 13
}