{
    "EPC": 0.9151349010696469,
    "Novelty": 3.7083244032088287,
    "Diversity": 20
}