{
    "EPC": 0.9988167287479386,
    "Novelty": 10.885899863710916,
    "Diversity": 6370
}