{
    "EPC": 0.9485989048729494,
    "Novelty": 4.419969652287683,
    "Diversity": 33
}