{
    "EPC": 0.931096766457445,
    "Novelty": 3.9145970080862025,
    "Diversity": 34
}