{
    "EPC": 0.9993263625515032,
    "Novelty": 10.882168367721718,
    "Diversity": 9713
}