{
    "EPC": 0.9993100938413101,
    "Novelty": 10.867787724058342,
    "Diversity": 6813
}