{
    "EPC": 0.9609708564394371,
    "Novelty": 4.689478948629368,
    "Diversity": 26
}