{
    "EPC": 0.9647075252658754,
    "Novelty": 4.8501510991024865,
    "Diversity": 42
}