{
    "EPC": 0.9085561236750823,
    "Novelty": 4.712134909198019,
    "Diversity": 4148
}