{
    "EPC": 0.9362959278605621,
    "Novelty": 6.137869100866479,
    "Diversity": 11358
}