{
    "EPC": 0.928893061825618,
    "Novelty": 4.162611528679935
}