{
    "EPC": 0.894233954693554,
    "Novelty": 3.434728223828634,
    "Diversity": 14
}