{
    "EPC": 0.9596439315359769,
    "Novelty": 4.637237584430577,
    "Diversity": 9
}