{
    "EPC": 0.9868817396423277,
    "Novelty": 8.362287227335424,
    "Diversity": 2391
}