{
    "EPC": 0.9805988578048968,
    "Novelty": 7.518269428688596,
    "Diversity": 1226
}