{
    "EPC": 0.9156081733667383,
    "Novelty": 3.722536271473651,
    "Diversity": 20
}