{
    "EPC": 0.8849487363939376,
    "Novelty": 3.1851852836159567,
    "Diversity": 13
}