{
    "EPC": 0.9483447753973837,
    "Novelty": 4.405565718021199,
    "Diversity": 21
}