{
    "EPC": 0.9304209713837017,
    "Novelty": 3.896681592055123,
    "Diversity": 53
}