{
    "EPC": 0.9149754334624386,
    "Novelty": 3.700413417097273,
    "Diversity": 33
}