{
    "EPC": 0.8845716750632402,
    "Novelty": 3.1920125538789494,
    "Diversity": 93
}