{
    "EPC": 0.967032615472569,
    "Novelty": 4.992780530952661,
    "Diversity": 28
}