{
    "EPC": 0.9993167517874472,
    "Novelty": 10.878693838516462,
    "Diversity": 6874
}