{
    "EPC": 0.9616433842302967,
    "Novelty": 4.720871374339062,
    "Diversity": 14
}