{
    "EPC": 0.8845872203046528,
    "Novelty": 3.1785374741768337,
    "Diversity": 18
}