{
    "EPC": 0.9154146113174431,
    "Novelty": 3.7161400095958834
}