{
    "EPC": 0.9265037839973232,
    "Novelty": 4.109484552288036,
    "Diversity": 20
}