{
    "EPC": 0.8887638687743619,
    "Novelty": 3.2676074807266566,
    "Diversity": 13
}