{
    "EPC": 0.9936457041201266,
    "Novelty": 10.94537749298937,
    "Diversity": 13335
}