{
    "EPC": 0.9496896701870859,
    "Novelty": 6.832741812373968,
    "Diversity": 4190
}