{
    "EPC": 0.9594438922277608,
    "Novelty": 4.628218012348835,
    "Diversity": 9
}