{
    "EPC": 0.9909367450445807,
    "Novelty": 11.57875529797912,
    "Diversity": 19981
}