{
    "EPC": 0.9868063828285661,
    "Novelty": 11.270169822772324,
    "Diversity": 14389
}