{
    "EPC": 0.9555939526137691,
    "Novelty": 6.652766542465461,
    "Diversity": 4973
}