{
    "EPC": 0.971343507611989,
    "Novelty": 8.210856096561725,
    "Diversity": 8993
}