{
    "EPC": 0.9635859246505093,
    "Novelty": 4.836834744127951,
    "Diversity": 10
}