{
    "EPC": 0.9682088714311232,
    "Novelty": 5.069721036255101,
    "Diversity": 16
}