{
    "EPC": 0.9154483612460614,
    "Novelty": 3.7172778096383725,
    "Diversity": 41
}