{
    "EPC": 0.8845211778137932,
    "Novelty": 3.1773917476053835,
    "Diversity": 16
}