{
    "EPC": 0.9647705124455771,
    "Novelty": 4.851552001955938,
    "Diversity": 17
}