{
    "EPC": 0.9993046019761376,
    "Novelty": 10.867121351831363,
    "Diversity": 9708
}