{
    "EPC": 0.9638617027979564,
    "Novelty": 4.805777463139811,
    "Diversity": 25
}