{
    "EPC": 0.9928577917247824,
    "Novelty": 8.782505781198326
}