{
    "EPC": 0.9750965530013276,
    "Novelty": 8.4563186595937,
    "Diversity": 4584
}