{
    "EPC": 0.9805627476531483,
    "Novelty": 8.853044101933458,
    "Diversity": 7791
}