{
    "EPC": 0.9152263061968768,
    "Novelty": 3.71222092384626,
    "Diversity": 79
}