{
    "EPC": 0.8845724731448305,
    "Novelty": 3.1919190197911416,
    "Diversity": 93
}