{
    "EPC": 0.9984127328333668,
    "Novelty": 11.803466535346029,
    "Diversity": 11020
}