{
    "EPC": 0.9980950342968135,
    "Novelty": 11.756838058776312,
    "Diversity": 8457
}