{
    "EPC": 0.9302638851707759,
    "Novelty": 3.8844080571706185,
    "Diversity": 10
}