{
    "EPC": 0.9486654680091922,
    "Novelty": 4.423490180520607,
    "Diversity": 16
}