{
    "EPC": 0.9498312273536405,
    "Novelty": 4.513522382279562,
    "Diversity": 232
}