{
    "EPC": 0.9310110390380604,
    "Novelty": 3.907966408797527,
    "Diversity": 19
}