{
    "EPC": 0.9995874267038277,
    "Novelty": 11.84935178897879,
    "Diversity": 13453
}