{
    "EPC": 0.9995700089645989,
    "Novelty": 11.84488304091896,
    "Diversity": 17135
}