{
    "EPC": 0.9940448723819392,
    "Novelty": 10.255721372241586,
    "Diversity": 6678
}