{
    "EPC": 0.9924339278040485,
    "Novelty": 9.988597649897025,
    "Diversity": 4314
}