{
    "EPC": 0.9482603138553803,
    "Novelty": 4.401275104447795,
    "Diversity": 16
}