{
    "EPC": 0.9302553432502001,
    "Novelty": 3.884010300218873,
    "Diversity": 10
}