{
    "EPC": 0.9638786673951729,
    "Novelty": 4.806791860288548,
    "Diversity": 35
}