{
    "EPC": 0.9304318395833372,
    "Novelty": 3.897729432354768,
    "Diversity": 63
}