{
    "EPC": 0.9487894689567206,
    "Novelty": 4.431890602667912,
    "Diversity": 46
}