{
    "EPC": 0.9595059202118245,
    "Novelty": 4.631138239911681,
    "Diversity": 11
}