{
    "EPC": 0.9996282600393684,
    "Novelty": 12.126689374928326,
    "Diversity": 29530
}