{
    "EPC": 0.9996219224784196,
    "Novelty": 12.116124566658007,
    "Diversity": 20727
}