{
    "EPC": 0.9988907560812581,
    "Novelty": 10.855515316980599,
    "Diversity": 4828
}