{
    "EPC": 0.9531842760854122,
    "Novelty": 4.7247816533025215,
    "Diversity": 15
}