{
    "EPC": 0.939401127709609,
    "Novelty": 4.188982270980724,
    "Diversity": 10
}