{
    "EPC": 0.965875336541311,
    "Novelty": 4.91159295592042,
    "Diversity": 54
}