{
    "EPC": 0.9610383762886726,
    "Novelty": 4.693036320123138,
    "Diversity": 25
}